Time,Temperature
1.0319,-8.7703
2.01387,-5.19722
3.01248,-0.730858
3.97781,3.09745
4.94313,9.47796
5.9251,14.8376
6.94036,20.0696
7.93897,21.6009
8.9043,16.1137
9.88627,8.32947
10.8682,0.290023
11.8669,-2.38979
